unix_s,device_vram_used,ram_used_mib
1791099541.66,15613693952,48663.7
1791099542.66,15647039488,48809.6
1791099543.66,15648407552,48810.1
1791099544.66,15648407552,48810.8
1791099545.66,15664791552,48810.3
1791099546.66,15667974144,48935.1
1791099547.66,15667974144,48935.4
1791099548.66,15667974144,48935.9
1791099549.66,15680602112,49054.6
1791099550.66,15681720320,49055.4
1791099551.66,15681720320,49056.9
1791099552.66,15681720320,49048.6
1791099553.66,15681720320,49041.1
1791099554.66,15687094272,49033.2
1791099555.66,15687094272,49025.8
1791099556.66,15687094272,49017.9
1791099557.66,15687094272,49010.1
1791099558.66,15687094272,49002.2
1791099559.66,15687094272,48994.3
1791099560.66,15680802816,48994.1
1791099561.66,15680802816,49043.1
1791099562.66,15680802816,49046.0
1791099563.66,15680802816,49116.5
1791099564.66,15680802816,49115.6
1791099565.66,15680802816,49110.8
1791099566.66,15680802816,48983.0
1791099567.66,15692468224,48971.7
1791099568.66,15692468224,48960.9
1791099569.66,15687094272,48989.9
1791099570.66,15682899968,48987.0
1791099571.67,15682899968,48985.8
1791099572.67,15682899968,49102.1
1791099573.67,15682899968,49100.6
1791099574.67,15682899968,49099.4
1791099575.67,15682899968,48988.0
1791099576.67,15692468224,48979.5
1791099577.67,15692468224,48971.3
1791099578.67,15692468224,48963.4
1791099579.67,15692468224,48955.8
1791099580.67,15692468224,48948.2
1791099581.67,15692468224,48941.5
1791099582.67,15692468224,48980.6
1791099583.67,15692468224,48980.5
1791099584.67,15692468224,48980.5
1791099585.67,15692468224,48980.8
1791099586.67,15692468224,49100.8
1791099587.67,15692468224,49100.5
